Review,Liked,Processed_Review
Wow... Loved this place.,1,wow love place
Crust is not good.,0,crust not good
Not tasty and the texture was just nasty.,0,not tasti textur nasti
Stopped by during the late May bank holiday off Rick Steve recommendation and loved it.,1,stop late may bank holiday rick steve recommend love
The selection on the menu was great and so were the prices.,1,select menu great price
Now I am getting angry and I want my damn pho.,0,get angri want damn pho
Honeslty it didn't taste THAT fresh.),0,honeslti tast fresh
The potatoes were like rubber and you could tell they had been made up ahead of time being kept under a warmer.,0,potato like rubber could tell made ahead time kept warmer
The fries were great too.,1,fri great
A great touch.,1,great touch
Service was very prompt.,1,servic prompt
Would not go back.,0,would not go back
The cashier had no care what so ever on what I had to say it still ended up being wayyy overpriced.,0,cashier care ever say still end wayyy overpr
"I tried the Cape Cod ravoli, chicken, with cranberry...mmmm!",1,tri cape cod ravoli chicken cranberri mmmm
I was disgusted because I was pretty sure that was human hair.,0,disgust pretti sure human hair
I was shocked because no signs indicate cash only.,0,shock sign indic cash
Highly recommended.,1,highli recommend
Waitress was a little slow in service.,0,waitress littl slow servic
"This place is not worth your time, let alone Vegas.",0,place not worth time let alon vega
did not like at all.,0,not like
The Burrittos Blah!,0,burritto blah
"The food, amazing.",1,food amaz
Service is also cute.,1,servic also cute
I could care less... The interior is just beautiful.,1,could care less interior beauti
So they performed.,1,perform
That's right....the red velvet cake.....ohhh this stuff is so good.,1,right red velvet cake ohhh stuff good
- They never brought a salad we asked for.,0,never brought salad ask
"This hole in the wall has great Mexican street tacos, and friendly staff.",1,hole wall great mexican street taco friendli staff
"Took an hour to get our food only 4 tables in restaurant my food was Luke warm, Our sever was running around like he was totally overwhelmed.",0,took hour get food tabl restaur food luke warm sever run around like total overwhelm
The worst was the salmon sashimi.,0,worst salmon sashimi
"Also there are combos like a burger, fries, and beer for 23 which is a decent deal.",1,also combo like burger fri beer decent deal
This was like the final blow!,0,like final blow
I found this place by accident and I could not be happier.,1,found place accid could not happier
"seems like a good quick place to grab a bite of some familiar pub food, but do yourself a favor and look elsewhere.",0,seem like good quick place grab bite familiar pub food favor look elsewher
"Overall, I like this place a lot.",1,overal like place lot
The only redeeming quality of the restaurant was that it was very inexpensive.,1,redeem qualiti restaur inexpens
Ample portions and good prices.,1,ampl portion good price
"Poor service, the waiter made me feel like I was stupid every time he came to the table.",0,poor servic waiter made feel like stupid everi time came tabl
My first visit to Hiro was a delight!,1,first visit hiro delight
Service sucks.,0,servic suck
The shrimp tender and moist.,1,shrimp tender moist
There is not a deal good enough that would drag me into that establishment again.,0,not deal good enough would drag establish
Hard to judge whether these sides were good because we were grossed out by the melted styrofoam and didn't want to eat it for fear of getting sick.,0,hard judg whether side good gross melt styrofoam want eat fear get sick
"On a positive note, our server was very attentive and provided great service.",1,posit note server attent provid great servic
"Frozen pucks of disgust, with some of the worst people behind the register.",0,frozen puck disgust worst peopl behind regist
The only thing I did like was the prime rib and dessert section.,1,thing like prime rib dessert section
It's too bad the food is so damn generic.,0,bad food damn gener
"The burger is good beef, cooked just right.",1,burger good beef cook right
If you want a sandwich just go to any Firehouse!!!!!,1,want sandwich go firehous
"My side Greek salad with the Greek dressing was so tasty, and the pita and hummus was very refreshing.",1,side greek salad greek dress tasti pita hummu refresh
We ordered the duck rare and it was pink and tender on the inside with a nice char on the outside.,1,order duck rare pink tender insid nice char outsid
He came running after us when he realized my husband had left his sunglasses on the table.,1,came run us realiz husband left sunglass tabl
Their chow mein is so good!,1,chow mein good
"They have horrible attitudes towards customers, and talk down to each one when customers don't enjoy their food.",0,horribl attitud toward custom talk one custom enjoy food
The portion was huge!,1,portion huge
"Loved it...friendly servers, great food, wonderful and imaginative menu.",1,love friendli server great food wonder imagin menu
The Heart Attack Grill in downtown Vegas is an absolutely flat-lined excuse for a restaurant.,0,heart attack grill downtown vega absolut flat line excus restaur
Not much seafood and like 5 strings of pasta at the bottom.,0,not much seafood like string pasta bottom
"The salad had just the right amount of sauce to not over power the scallop, which was perfectly cooked.",1,salad right amount sauc not power scallop perfectli cook
"The ripped banana was not only ripped, but petrified and tasteless.",0,rip banana not rip petrifi tasteless
At least think to refill my water before I struggle to wave you over for 10 minutes.,0,least think refil water struggl wave minut
This place receives stars for their APPETIZERS!!!,1,place receiv star appet
The cocktails are all handmade and delicious.,1,cocktail handmad delici
We'd definitely go back here again.,1,definit go back
We are so glad we found this place.,1,glad found place
"Great food and service, huge portions and they give a military discount.",1,great food servic huge portion give militari discount
Always a great time at Dos Gringos!,1,alway great time do gringo
Update.....went back for a second time and it was still just as amazing,1,updat went back second time still amaz
We got the food and apparently they have never heard of salt and the batter on the fish was chewy.,0,got food appar never heard salt batter fish chewi
A great way to finish a great.,1,great way finish great
"The deal included 5 tastings and 2 drinks, and Jeff went above and beyond what we expected.",1,deal includ tast drink jeff went beyond expect
"- Really, really good rice, all the time.",1,realli realli good rice time
The service was meh.,0,servic meh
"It took over 30 min to get their milkshake, which was nothing more than chocolate milk.",0,took min get milkshak noth chocol milk
"I guess I should have known that this place would suck, because it is inside of the Excalibur, but I didn't use my common sense.",0,guess known place would suck insid excalibur use common sens
The scallop dish is quite appalling for value as well.,0,scallop dish quit appal valu well
2 times - Very Bad Customer Service !,0,time bad custom servic
The sweet potato fries were very good and seasoned well.,1,sweet potato fri good season well
Today is the second time I've been to their lunch buffet and it was pretty good.,1,today second time lunch buffet pretti good
There is so much good food in Vegas that I feel cheated for wasting an eating opportunity by going to Rice and Company.,0,much good food vega feel cheat wast eat opportun go rice compani
Coming here is like experiencing an underwhelming relationship where both parties can't wait for the other person to ask to break up.,0,come like experienc underwhelm relationship parti wait person ask break
walked in and the place smelled like an old grease trap and only 2 others there eating.,0,walk place smell like old greas trap other eat
The turkey and roast beef were bland.,0,turkey roast beef bland
This place has it!,1,place
The pan cakes everyone are raving about taste like a sugary disaster tailored to the palate of a six year old.,0,pan cake everyon rave tast like sugari disast tailor palat six year old
I love the Pho and the spring rolls oh so yummy you have to try.,1,love pho spring roll oh yummi tri
The poor batter to meat ratio made the chicken tenders very unsatisfying.,0,poor batter meat ratio made chicken tender unsatisfi
All I have to say is the food was amazing!!!,1,say food amaz
Omelets are to die for!,1,omelet die
Everything was fresh and delicious!,1,everyth fresh delici
"In summary, this was a largely disappointing dining experience.",0,summari larg disappoint dine experi
"It's like a really sexy party in your mouth, where you're outrageously flirting with the hottest person at the party.",1,like realli sexi parti mouth outrag flirt hottest person parti
"Never been to Hard Rock Casino before, WILL NEVER EVER STEP FORWARD IN IT AGAIN!",0,never hard rock casino never ever step forward
Best breakfast buffet!!!,1,best breakfast buffet
say bye bye to your tip lady!,0,say bye bye tip ladi
We'll never go again.,0,never go
Will be back again!,1,back
Food arrived quickly!,1,food arriv quickli
It was not good.,0,not good
"On the up side, their cafe serves really good food.",1,side cafe serv realli good food
"Our server was fantastic and when he found out the wife loves roasted garlic and bone marrow, he added extra to our meal and another marrow to go!",1,server fantast found wife love roast garlic bone marrow ad extra meal anoth marrow go
"The only good thing was our waiter, he was very helpful and kept the bloddy mary's coming.",1,good thing waiter help kept bloddi mari come
"Best Buffet in town, for the price you cannot beat it.",1,best buffet town price cannot beat
"I LOVED their mussels cooked in this wine reduction, the duck was tender, and their potato dishes were delicious.",1,love mussel cook wine reduct duck tender potato dish delici
This is one of the better buffets that I have been to.,1,one better buffet
So we went to Tigerlilly and had a fantastic afternoon!,1,went tigerlilli fantast afternoon
"The food was delicious, our bartender was attentive and personable AND we got a great deal!",1,food delici bartend attent person got great deal
The ambience is wonderful and there is music playing.,1,ambienc wonder music play
Will go back next trip out.,1,go back next trip
Sooooo good!!,1,sooooo good
"REAL sushi lovers, let's be honest - Yama is not that good.",0,real sushi lover let honest yama not good
"At least 40min passed in between us ordering and the food arriving, and it wasn't that busy.",0,least min pass us order food arriv busi
This is a really fantastic Thai restaurant which is definitely worth a visit.,1,realli fantast thai restaur definit worth visit
"Nice, spicy and tender.",1,nice spici tender
Good prices.,1,good price
Check it out.,1,check
It was pretty gross!,0,pretti gross
I've had better atmosphere.,0,better atmospher
Kind of hard to mess up a steak but they did.,0,kind hard mess steak
"Although I very much liked the look and sound of this place, the actual experience was a bit disappointing.",0,although much like look sound place actual experi bit disappoint
I just don't know how this place managed to served the blandest food I have ever eaten when they are preparing Indian cuisine.,0,know place manag serv blandest food ever eaten prepar indian cuisin
"Worst service to boot, but that is the least of their worries.",0,worst servic boot least worri
Service was fine and the waitress was friendly.,1,servic fine waitress friendli
"The guys all had steaks, and our steak loving son who has had steak at the best and worst places said it was the best steak he's ever eaten.",1,guy steak steak love son steak best worst place said best steak ever eaten
"We thought you'd have to venture further away to get good sushi, but this place really hit the spot that night.",1,thought ventur away get good sushi place realli hit spot night
"Host staff were, for lack of a better word, BITCHES!",0,host staff lack better word bitch
Bland... Not a liking this place for a number of reasons and I don't want to waste time on bad reviewing.. I'll leave it at that...,0,bland not like place number reason want wast time bad review leav
"Phenomenal food, service and ambiance.",1,phenomen food servic ambianc
I wouldn't return.,0,return
"Definitely worth venturing off the strip for the pork belly, will return next time I'm in Vegas.",1,definit worth ventur strip pork belli return next time vega
This place is way too overpriced for mediocre food.,0,place way overpr mediocr food
Penne vodka excellent!,1,penn vodka excel
"They have a good selection of food including a massive meatloaf sandwich, a crispy chicken wrap, a delish tuna melt and some tasty burgers.",1,good select food includ massiv meatloaf sandwich crispi chicken wrap delish tuna melt tasti burger
The management is rude.,0,manag rude
"Delicious NYC bagels, good selections of cream cheese, real Lox with capers even.",1,delici nyc bagel good select cream chees real lox caper even
"Great Subway, in fact it's so good when you come here every other Subway will not meet your expectations.",1,great subway fact good come everi subway not meet expect
I had a seriously solid breakfast here.,1,serious solid breakfast
This is one of the best bars with food in Vegas.,1,one best bar food vega
"He was extremely rude and really, there are so many other restaurants I would love to dine at during a weekend in Vegas.",0,extrem rude realli mani restaur would love dine weekend vega
My drink was never empty and he made some really great menu suggestions.,1,drink never empti made realli great menu suggest
Don't do it!!!!,0,
The waiter wasn't helpful or friendly and rarely checked on us.,0,waiter help friendli rare check us
My husband and I ate lunch here and were very disappointed with the food and service.,0,husband ate lunch disappoint food servic
And the red curry had so much bamboo shoots and wasn't very tasty to me.,0,red curri much bamboo shoot tasti
Nice blanket of moz over top but i feel like this was done to cover up the subpar food.,1,nice blanket moz top feel like done cover subpar food
The bathrooms are clean and the place itself is well decorated.,1,bathroom clean place well decor
"The menu is always changing, food quality is going down & service is extremely slow.",0,menu alway chang food qualiti go servic extrem slow
"The service was a little slow , considering that were served by 3 people servers so the food was coming in a slow pace.",0,servic littl slow consid serv peopl server food come slow pace
I give it 2 thumbs down,0,give thumb
We watched our waiter pay a lot more attention to other tables and ignore us.,0,watch waiter pay lot attent tabl ignor us
My fianc√© and I came in the middle of the day and we were greeted and seated right away.,1,fianc came middl day greet seat right away
This is a great restaurant at the Mandalay Bay.,1,great restaur mandalay bay
We waited for forty five minutes in vain.,0,wait forti five minut vain
Crostini that came with the salad was stale.,0,crostini came salad stale
Some highlights : Great quality nigiri here!,1,highlight great qualiti nigiri
the staff is friendly and the joint is always clean.,1,staff friendli joint alway clean
this was a different cut than the piece the other day but still wonderful and tender s well as well flavored.,1,differ cut piec day still wonder tender well well flavor
I ordered the Voodoo pasta and it was the first time I'd had really excellent pasta since going gluten free several years ago.,1,order voodoo pasta first time realli excel pasta sinc go gluten free sever year ago
this place is good.,1,place good
"Unfortunately, we must have hit the bakery on leftover day because everything we ordered was STALE.",0,unfortun must hit bakeri leftov day everyth order stale
I came back today since they relocated and still not impressed.,0,came back today sinc reloc still not impress
I was seated immediately.,1,seat immedi
"Their menu is diverse, and reasonably priced.",1,menu divers reason price
Avoid at all cost!,0,avoid cost
Restaurant is always full but never a wait.,1,restaur alway full never wait
DELICIOUS!!,1,delici
This place is hands-down one of the best places to eat in the Phoenix metro area.,1,place hand one best place eat phoenix metro area
So don't go there if you are looking for good food...,0,go look good food
I've never been treated so bad.,0,never treat bad
Bacon is hella salty.,1,bacon hella salti
"We also ordered the spinach and avocado salad, the ingredients were sad and the dressing literally had zero taste.",0,also order spinach avocado salad ingredi sad dress liter zero tast
"This really is how Vegas fine dining used to be, right down to the menus handed to the ladies that have no prices listed.",1,realli vega fine dine use right menu hand ladi price list
The waitresses are very friendly.,1,waitress friendli
"Lordy, the Khao Soi is a dish that is not to be missed for curry lovers!",1,lordi khao soi dish not miss curri lover
Everything on the menu is terrific and we were also thrilled that they made amazing accommodations for our vegetarian daughter.,1,everyth menu terrif also thrill made amaz accommod vegetarian daughter
"Perhaps I caught them on an off night judging by the other reviews, but I'm not inspired to go back.",0,perhap caught night judg review not inspir go back
The service here leaves a lot to be desired.,0,servic leav lot desir
"The atmosphere is modern and hip, while maintaining a touch of coziness.",1,atmospher modern hip maintain touch cozi
"Not a weekly haunt, but definitely a place to come back to every once in a while.",1,not weekli haunt definit place come back everi
We literally sat there for 20 minutes with no one asking to take our order.,0,liter sat minut one ask take order
"The burger had absolutely no flavor - the meat itself was totally bland, the burger was overcooked and there was no charcoal flavor.",0,burger absolut flavor meat total bland burger overcook charcoal flavor
I also decided not to send it back because our waitress looked like she was on the verge of having a heart attack.,0,also decid not send back waitress look like verg heart attack
I dressed up to be treated so rudely!,0,dress treat rude
It was probably dirt.,0,probabl dirt
"Love this place, hits the spot when I want something healthy but not lacking in quantity or flavor.",1,love place hit spot want someth healthi not lack quantiti flavor
I ordered the Lemon raspberry ice cocktail which was also incredible.,1,order lemon raspberri ice cocktail also incred
"The food sucked, which we expected but it sucked more than we could have imagined.",0,food suck expect suck could imagin
Interesting decor.,1,interest decor
What I really like there is the crepe station.,1,realli like crepe station
"Also were served hot bread and butter, and home made potato chips with bacon bits on top....very original and very good.",1,also serv hot bread butter home made potato chip bacon bit top origin good
you can watch them preparing the delicious food!),1,watch prepar delici food
Both of the egg rolls were fantastic.,1,egg roll fantast
"When my order arrived, one of the gyros was missing.",0,order arriv one gyro miss
"I had a salad with the wings, and some ice cream for dessert and left feeling quite satisfied.",1,salad wing ice cream dessert left feel quit satisfi
I'm not really sure how Joey's was voted best hot dog in the Valley by readers of Phoenix Magazine.,0,not realli sure joey vote best hot dog valley reader phoenix magazin
The best place to go for a tasty bowl of Pho!,1,best place go tasti bowl pho
The live music on Fridays totally blows.,0,live music friday total blow
I've never been more insulted or felt disrespected.,0,never insult felt disrespect
Very friendly staff.,1,friendli staff
It is worth the drive.,1,worth drive
"I had heard good things about this place, but it exceeding every hope I could have dreamed of.",1,heard good thing place exceed everi hope could dream
Food was great and so was the serivce!,1,food great serivc
The warm beer didn't help.,0,warm beer help
Great brunch spot.,1,great brunch spot
Service is friendly and inviting.,1,servic friendli invit
Very good lunch spot.,1,good lunch spot
I've lived here since 1979 and this was the first (and last) time I've stepped foot into this place.,0,live sinc first last time step foot place
The WORST EXPERIENCE EVER.,0,worst experi ever
Must have been an off night at this place.,0,must night place
"The sides are delish - mixed mushrooms, yukon gold puree, white corn - beateous.",1,side delish mix mushroom yukon gold pure white corn beateou
"If that bug never showed up I would have given a 4 for sure, but on the other side of the wall where this bug was climbing was the kitchen.",0,bug never show would given sure side wall bug climb kitchen
"For about 10 minutes, we we're waiting for her salad when we realized that it wasn't coming any time soon.",0,minut wait salad realiz come time soon
My friend loved the salmon tartar.,1,friend love salmon tartar
Won't go back.,0,go back
Extremely Tasty!,1,extrem tasti
Waitress was good though!,1,waitress good though
Soggy and not good.,0,soggi not good
The Jamaican mojitos are delicious.,1,jamaican mojito delici
Which are small and not worth the price.,0,small not worth price
- the food is rich so order accordingly.,1,food rich order accordingli
"The shower area is outside so you can only rinse, not take a full shower, unless you don't mind being nude for everyone to see!",0,shower area outsid rins not take full shower unless mind nude everyon see
The service was a bit lacking.,0,servic bit lack
"Lobster Bisque, Bussell Sprouts, Risotto, Filet ALL needed salt and pepper..and of course there is none at the tables.",0,lobster bisqu bussel sprout risotto filet need salt pepper cours none tabl
Hopefully this bodes for them going out of business and someone who can cook can come in.,0,hope bode go busi someon cook come
"It was either too cold, not enough flavor or just bad.",0,either cold not enough flavor bad
I loved the bacon wrapped dates.,1,love bacon wrap date
This is an unbelievable BARGAIN!,1,unbeliev bargain
The folks at Otto always make us feel so welcome and special.,1,folk otto alway make us feel welcom special
"""As for the """"mains,"""" also uninspired.""",0,main also uninspir
This is the place where I first had pho and it was amazing!!,1,place first pho amaz
This wonderful experience made this place a must-stop whenever we are in town again.,1,wonder experi made place must stop whenev town
"If the food isn't bad enough for you, then enjoy dealing with the world's worst/annoying drunk people.",0,food bad enough enjoy deal world worst annoy drunk peopl
Very very fun chef.,1,fun chef
"Ordered a double cheeseburger & got a single patty that was falling apart (picture uploaded) Yeah, still sucks.",0,order doubl cheeseburg got singl patti fall apart pictur upload yeah still suck
Great place to have a couple drinks and watch any and all sporting events as the walls are covered with TV's.,1,great place coupl drink watch sport event wall cover tv
"If it were possible to give them zero stars, they'd have it.",0,possibl give zero star
"""The descriptions said """"yum yum sauce"""" and another said """"eel sauce"""", yet another said """"spicy mayo""""...well NONE of the rolls had sauces on them.""",0,descript said yum yum sauc anoth said eel sauc yet anoth said spici mayo well none roll sauc
"I'd say that would be the hardest decision... Honestly, all of M's dishes taste how they are supposed to taste (amazing).",1,say would hardest decis honestli dish tast suppos tast amaz
If she had not rolled the eyes we may have stayed... Not sure if we will go back and try it again.,0,not roll eye may stay not sure go back tri
"Everyone is very attentive, providing excellent customer service.",1,everyon attent provid excel custom servic
Horrible - don't waste your time and money.,0,horribl wast time money
Now this dish was quite flavourful.,1,dish quit flavour
By this time our side of the restaurant was almost empty so there was no excuse.,0,time side restaur almost empti excus
"(It wasn't busy either) Also, the building was FREEZING cold.",0,busi either also build freez cold
"""like the other reviewer said """"you couldn't pay me to eat at this place again.""""""",0,like review said pay eat place
-Drinks took close to 30 minutes to come out at one point.,0,drink took close minut come one point
"Seriously flavorful delights, folks.",1,serious flavor delight folk
Much better than the other AYCE sushi place I went to in Vegas.,1,much better ayc sushi place went vega
The lighting is just dark enough to set the mood.,1,light dark enough set mood
Based on the sub-par service I received and no effort to show their gratitude for my business I won't be going back.,0,base sub par servic receiv effort show gratitud busi go back
Owner's are really great people.!,1,owner realli great peopl
There is nothing privileged about working/eating there.,0,noth privileg work eat
The Greek dressing was very creamy and flavorful.,1,greek dress creami flavor
"Overall, I don't think that I would take my parents to this place again because they made most of the similar complaints that I silently felt too.",0,overal think would take parent place made similar complaint silent felt
Now the pizza itself was good the peanut sauce was very tasty.,1,pizza good peanut sauc tasti
We had 7 at our table and the service was pretty fast.,1,tabl servic pretti fast
Fantastic service here.,1,fantast servic
I as well would've given godfathers zero stars if possible.,0,well would given godfath zero star possibl
They know how to make them here.,1,know make
very tough and very short on flavor!,0,tough short flavor
I hope this place sticks around.,1,hope place stick around
"I have been in more than a few bars in Vegas, and do not ever recall being charged for tap water.",0,bar vega not ever recal charg tap water
The restaurant atmosphere was exquisite.,1,restaur atmospher exquisit
"Good service, very clean, and inexpensive, to boot!",1,good servic clean inexpens boot
The seafood was fresh and generous in portion.,1,seafood fresh gener portion
"Plus, it's only 8 bucks.",1,plu buck
"The service was not up to par, either.",0,servic not par either
"Thus far, have only visited twice and the food was absolutely delicious each time.",1,thu far visit twice food absolut delici time
Just as good as when I had it more than a year ago!,1,good year ago
"For a self proclaimed coffee cafe, I was wildly disappointed.",0,self proclaim coffe cafe wildli disappoint
The Veggitarian platter is out of this world!,1,veggitarian platter world
You cant go wrong with any of the food here.,1,cant go wrong food
You can't beat that.,1,beat
"Stopped by this place while in Madison for the Ironman, very friendly, kind staff.",1,stop place madison ironman friendli kind staff
The chefs were friendly and did a good job.,1,chef friendli good job
"I've had better, not only from dedicated boba tea spots, but even from Jenni Pho.",0,better not dedic boba tea spot even jenni pho
I liked the patio and the service was outstanding.,1,like patio servic outstand
The goat taco didn't skimp on the meat and wow what FLAVOR!,1,goat taco skimp meat wow flavor
I think not again,0,think not
I had the mac salad and it was pretty bland so I will not be getting that again.,0,mac salad pretti bland not get
I went to Bachi Burger on a friend's recommendation and was not disappointed.,1,went bachi burger friend recommend not disappoint
Service stinks here!,0,servic stink
I waited and waited.,0,wait wait
"This place is not quality sushi, it is not a quality restaurant.",0,place not qualiti sushi not qualiti restaur
I would definitely recommend the wings as well as the pizza.,1,would definit recommend wing well pizza
Great Pizza and Salads!,1,great pizza salad
Things that went wrong: - They burned the saganaki.,0,thing went wrong burn saganaki
We waited an hour for what was a breakfast I could have done 100 times better at home.,0,wait hour breakfast could done time better home
This place is amazing!,1,place amaz
"I hate to disagree with my fellow Yelpers, but my husband and I were so disappointed with this place.",0,hate disagre fellow yelper husband disappoint place
Waited 2 hours & never got either of our pizzas as many other around us who came in later did!,0,wait hour never got either pizza mani around us came later
Just don't know why they were so slow.,0,know slow
"The staff is great, the food is delish, and they have an incredible beer selection.",1,staff great food delish incred beer select
"I live in the neighborhood so I am disappointed I won't be back here, because it is a convenient location.",0,live neighborhood disappoint back conveni locat
I didn't know pulled pork could be soooo delicious.,1,know pull pork could soooo delici
"You get incredibly fresh fish, prepared with care.",1,get incred fresh fish prepar care
Before I go in to why I gave a 1 star rating please know that this was my third time eating at Bachi burger before writing a review.,0,go gave star rate pleas know third time eat bachi burger write review
I love the fact that everything on their menu is worth it.,1,love fact everyth menu worth
Never again will I be dining at this place!,0,never dine place
The food was excellent and service was very good.,1,food excel servic good
Good beer & drink selection and good food selection.,1,good beer drink select good food select
Please stay away from the shrimp stir fried noodles.,0,pleas stay away shrimp stir fri noodl
The potato chip order was sad... I could probably count how many chips were in that box and it was probably around 12.,0,potato chip order sad could probabl count mani chip box probabl around
Food was really boring.,0,food realli bore
Good Service-check!,1,good servic check
This greedy corporation will NEVER see another dime from me!,0,greedi corpor never see anoth dime
"Will never, ever go back.",0,never ever go back
"As much as I'd like to go back, I can't get passed the atrocious service and will never return.",0,much like go back get pass atroci servic never return
"In the summer, you can dine in a charming outdoor patio - so very delightful.",1,summer dine charm outdoor patio delight
I did not expect this to be so good!,1,not expect good
Fantastic food!,1,fantast food
She ordered a toasted English muffin that came out untoasted.,0,order toast english muffin came untoast
The food was very good.,1,food good
Never going back.,0,never go back
"Great food for the price, which is very high quality and house made.",1,great food price high qualiti hous made
The bus boy on the other hand was so rude.,0,bu boy hand rude
"By this point, my friends and I had basically figured out this place was a joke and didn't mind making it publicly and loudly known.",0,point friend basic figur place joke mind make publicli loudli known
"Back to good BBQ, lighter fare, reasonable pricing and tell the public they are back to the old ways.",1,back good bbq lighter fare reason price tell public back old way
"And considering the two of us left there very full and happy for about $20, you just can't go wrong.",1,consid two us left full happi go wrong
All the bread is made in-house!,1,bread made hous
The only downside is the service.,0,downsid servic
"Also, the fries are without a doubt the worst fries I've ever had.",0,also fri without doubt worst fri ever
Service was exceptional and food was a good as all the reviews.,1,servic except food good review
"A couple of months later, I returned and had an amazing meal.",1,coupl month later return amaz meal
Favorite place in town for shawarrrrrrma!!!!!!,1,favorit place town shawarrrrrrma
The black eyed peas and sweet potatoes... UNREAL!,1,black eye pea sweet potato unreal
You won't be disappointed.,1,disappoint
"They could serve it with just the vinaigrette and it may make for a better overall dish, but it was still very good.",1,could serv vinaigrett may make better overal dish still good
"I go to far too many places and I've never seen any restaurant that serves a 1 egg breakfast, especially for $4.00.",0,go far mani place never seen restaur serv egg breakfast especi
When my mom and I got home she immediately got sick and she only had a few bites of salad.,0,mom got home immedi got sick bite salad
The servers are not pleasant to deal with and they don't always honor Pizza Hut coupons.,0,server not pleasant deal alway honor pizza hut coupon
"Both of them were truly unbelievably good, and I am so glad we went back.",1,truli unbeliev good glad went back
"We had fantastic service, and were pleased by the atmosphere.",1,fantast servic pleas atmospher
Everything was gross.,0,everyth gross
I love this place.,1,love place
Great service and food.,1,great servic food
First - the bathrooms at this location were dirty- Seat covers were not replenished & just plain yucky!!!,0,first bathroom locat dirti seat cover not replenish plain yucki
"""The burger... I got the """"Gold Standard"""" a $17 burger and was kind of disappointed.""",0,burger got gold standard burger kind disappoint
"OMG, the food was delicioso!",1,omg food delicioso
There is nothing authentic about this place.,0,noth authent place
the spaghetti is nothing special whatsoever.,0,spaghetti noth special whatsoev
"Of all the dishes, the salmon was the best, but all were great.",1,dish salmon best great
The vegetables are so fresh and the sauce feels like authentic Thai.,1,veget fresh sauc feel like authent thai
It's worth driving up from Tucson!,1,worth drive tucson
The selection was probably the worst I've seen in Vegas.....there was none.,0,select probabl worst seen vega none
Pretty good beer selection too.,1,pretti good beer select
"This place is like Chipotle, but BETTER.",1,place like chipotl better
"Classy/warm atmosphere, fun and fresh appetizers, succulent steaks (Baseball steak!!!!!",1,classi warm atmospher fun fresh appet succul steak basebal steak
5 stars for the brick oven bread app!,1,star brick oven bread app
"I have eaten here multiple times, and each time the food was delicious.",1,eaten multipl time time food delici
We sat another ten minutes and finally gave up and left.,0,sat anoth ten minut final gave left
He was terrible!,0,terribl
Everyone is treated equally special.,1,everyon treat equal special
It shouldn't take 30 min for pancakes and eggs.,0,take min pancak egg
It was delicious!!!,1,delici
"On the good side, the staff was genuinely pleasant and enthusiastic - a real treat.",1,good side staff genuin pleasant enthusiast real treat
"Sadly, Gordon Ramsey's Steak is a place we shall sharply avoid during our next trip to Vegas.",0,sadli gordon ramsey steak place shall sharpli avoid next trip vega
As always the evening was wonderful and the food delicious!,1,alway even wonder food delici
Best fish I've ever had in my life!,1,best fish ever life
(The bathroom is just next door and very nice.),1,bathroom next door nice
The buffet is small and all the food they offered was BLAND.,0,buffet small food offer bland
This is an Outstanding little restaurant with some of the Best Food I have ever tasted.,1,outstand littl restaur best food ever tast
Pretty cool I would say.,1,pretti cool would say
Definitely a turn off for me & i doubt I'll be back unless someone else is buying.,0,definit turn doubt back unless someon els buy
Server did a great job handling our large rowdy table.,1,server great job handl larg rowdi tabl
"I find wasting food to be despicable, but this just wasn't food.",0,find wast food despic food
My wife had the Lobster Bisque soup which was lukewarm.,0,wife lobster bisqu soup lukewarm
Would come back again if I had a sushi craving while in Vegas.,1,would come back sushi crave vega
"The staff are great, the ambiance is great.",1,staff great ambianc great
He deserves 5 stars.,1,deserv star
I left with a stomach ache and felt sick the rest of the day.,0,left stomach ach felt sick rest day
They dropped more than the ball.,0,drop ball
"The dining space is tiny, but elegantly decorated and comfortable.",1,dine space tini elegantli decor comfort
"They will customize your order any way you'd like, my usual is Eggplant with Green Bean stir fry, love it!",1,custom order way like usual eggplant green bean stir fri love
And the beans and rice were mediocre at best.,0,bean rice mediocr best
Best tacos in town by far!!,1,best taco town far
I took back my money and got outta there.,0,took back money got outta
"In an interesting part of town, this place is amazing.",1,interest part town place amaz
RUDE & INCONSIDERATE MANAGEMENT.,0,rude inconsider manag
"The staff are now not as friendly, the wait times for being served are horrible, no one even says hi for the first 10 minutes.",0,staff not friendli wait time serv horribl one even say hi first minut
I won't be back.,0,back
They have great dinners.,1,great dinner
The service was outshining & I definitely recommend the Halibut.,1,servic outshin definit recommend halibut
The food was terrible.,0,food terribl
WILL NEVER EVER GO BACK AND HAVE TOLD MANY PEOPLE WHAT HAD HAPPENED.,0,never ever go back told mani peopl happen
I don't recommend unless your car breaks down in front of it and you are starving.,0,recommend unless car break front starv
I will come back here every time I'm in Vegas.,1,come back everi time vega
This place deserves one star and 90% has to do with the food.,0,place deserv one star food
This is a disgrace.,0,disgrac
Def coming back to bowl next time,1,def come back bowl next time
"If you want healthy authentic or ethic food, try this place.",1,want healthi authent ethic food tri place
I will continue to come here on ladies night andddd date night ... highly recommend this place to anyone who is in the area.,1,continu come ladi night andddd date night highli recommend place anyon area
"I have been here several times in the past, and the experience has always been great.",1,sever time past experi alway great
We walked away stuffed and happy about our first Vegas buffet experience.,1,walk away stuf happi first vega buffet experi
Service was excellent and prices are pretty reasonable considering this is Vegas and located inside the Crystals shopping mall by Aria.,1,servic excel price pretti reason consid vega locat insid crystal shop mall aria
"To summarize... the food was incredible, nay, transcendant... but nothing brings me joy quite like the memory of the pneumatic condiment dispenser.",1,summar food incred nay transcend noth bring joy quit like memori pneumat condiment dispens
I'm probably one of the few people to ever go to Ians and not like it.,0,probabl one peopl ever go ian not like
Kids pizza is always a hit too with lots of great side dish options for the kiddos!,1,kid pizza alway hit lot great side dish option kiddo
Service is perfect and the family atmosphere is nice to see.,1,servic perfect famili atmospher nice see
Cooked to perfection and the service was impeccable.,1,cook perfect servic impecc
This one is simply a disappointment.,0,one simpli disappoint
"Overall, I was very disappointed with the quality of food at Bouchon.",0,overal disappoint qualiti food bouchon
I don't have to be an accountant to know I'm getting screwed!,0,account know get screw
"Great place to eat, reminds me of the little mom and pop shops in the San Francisco Bay Area.",1,great place eat remind littl mom pop shop san francisco bay area
Today was my first taste of a Buldogis Gourmet Hot Dog and I have to tell you it was more than I ever thought possible.,1,today first tast buldogi gourmet hot dog tell ever thought possibl
Left very frustrated.,0,left frustrat
I'll definitely be in soon again.,1,definit soon
Food was really good and I got full petty fast.,1,food realli good got full petti fast
Service was fantastic.,1,servic fantast
TOTAL WASTE OF TIME.,0,total wast time
I don't know what kind it is but they have the best iced tea.,1,know kind best ice tea
"Come hungry, leave happy and stuffed!",1,come hungri leav happi stuf
"For service, I give them no stars.",0,servic give star
I can assure you that you won't be disappointed.,1,assur disappoint
I can take a little bad service but the food sucks.,0,take littl bad servic food suck
Gave up trying to eat any of the crust (teeth still sore).,0,gave tri eat crust teeth still sore
But now I was completely grossed out.,0,complet gross
I really enjoyed eating here.,1,realli enjoy eat
First time going but I think I will quickly become a regular.,1,first time go think quickli becom regular
"Our server was very nice, and even though he looked a little overwhelmed with all of our needs, he stayed professional and friendly until the end.",1,server nice even though look littl overwhelm need stay profession friendli end
From what my dinner companions told me...everything was very fresh with nice texture and taste.,1,dinner companion told everyth fresh nice textur tast
"On the ground, right next to our table was a large, smeared, been-stepped-in-and-tracked-everywhere pile of green bird poop.",0,ground right next tabl larg smear step track everywher pile green bird poop
"Furthermore, you can't even find hours of operation on the website!",0,furthermor even find hour oper websit
We've tried to like this place but after 10+ times I think we're done with them.,0,tri like place time think done
What a mistake that was!,0,mistak
No complaints!,1,complaint
This is some seriously good pizza and I'm an expert/connisseur on the topic.,1,serious good pizza expert connisseur topic
Waiter was a jerk.,0,waiter jerk
"Strike 2, who wants to be rushed.",0,strike want rush
These are the nicest restaurant owners I've ever come across.,1,nicest restaur owner ever come across
I never come again.,0,never come
We loved the biscuits!!!,1,love biscuit
Service is quick and friendly.,1,servic quick friendli
Ordered an appetizer and took 40 minutes and then the pizza another 10 minutes.,0,order appet took minut pizza anoth minut
So absolutley fantastic.,1,absolutley fantast
It was a huge awkward 1.5lb piece of cow that was 3/4ths gristle and fat.,0,huge awkward lb piec cow th gristl fat
definitely will come back here again.,1,definit come back
I like Steiners because it's dark and it feels like a bar.,1,like steiner dark feel like bar
Wow very spicy but delicious.,1,wow spici delici
"If you're not familiar, check it out.",1,not familiar check
I'll take my business dinner dollars elsewhere.,0,take busi dinner dollar elsewher
I'd love to go back.,1,love go back
"Anyway, this FS restaurant has a wonderful breakfast/lunch.",1,anyway fs restaur wonder breakfast lunch
Nothing special.,0,noth special
Each day of the week they have a different deal and it's all so delicious!,1,day week differ deal delici
"Not to mention the combination of pears, almonds and bacon is a big winner!",1,not mention combin pear almond bacon big winner
Will not be back.,0,not back
Sauce was tasteless.,0,sauc tasteless
"The food is delicious and just spicy enough, so be sure to ask for spicier if you prefer it that way.",1,food delici spici enough sure ask spicier prefer way
My ribeye steak was cooked perfectly and had great mesquite flavor.,1,ribey steak cook perfectli great mesquit flavor
I don't think we'll be going back anytime soon.,0,think go back anytim soon
Food was so gooodd.,1,food gooodd
I am far from a sushi connoisseur but I can definitely tell the difference between good food and bad food and this was certainly bad food.,0,far sushi connoisseur definit tell differ good food bad food certainli bad food
I was so insulted.,0,insult
The last 3 times I had lunch here has been bad.,0,last time lunch bad
The chicken wings contained the driest chicken meat I have ever eaten.,0,chicken wing contain driest chicken meat ever eaten
"The food was very good and I enjoyed every mouthful, an enjoyable relaxed venue for couples small family groups etc.",1,food good enjoy everi mouth enjoy relax venu coupl small famili group etc
Nargile - I think you are great.,1,nargil think great
Best tater tots in the southwest.,1,best tater tot southwest
We loved the place.,1,love place
Definitely not worth the $3 I paid.,0,definit not worth paid
The vanilla ice cream was creamy and smooth while the profiterole (choux) pastry was fresh enough.,1,vanilla ice cream creami smooth profiterol choux pastri fresh enough
Im in AZ all the time and now have my new spot.,1,im az time new spot
The manager was the worst.,0,manag worst
The inside is really quite nice and very clean.,1,insid realli quit nice clean
The food was outstanding and the prices were very reasonable.,1,food outstand price reason
I don't think I'll be running back to Carly's anytime soon for food.,0,think run back carli anytim soon food
"This is was due to the fact that it took 20 minutes to be acknowledged, then another 35 minutes to get our food...and they kept forgetting things.",0,due fact took minut acknowledg anoth minut get food kept forget thing
"Love the margaritas, too!",1,love margarita
This was my first and only Vegas buffet and it did not disappoint.,1,first vega buffet not disappoint
"Very good, though!",1,good though
The one down note is the ventilation could use some upgrading.,0,one note ventil could use upgrad
Great pork sandwich.,1,great pork sandwich
Don't waste your time here.,0,wast time
"Total letdown, I would much rather just go to the Camelback Flower Shop and Cartel Coffee.",0,total letdown would much rather go camelback flower shop cartel coffe
"Third, the cheese on my friend's burger was cold.",0,third chees friend burger cold
We enjoy their pizza and brunch.,1,enjoy pizza brunch
The steaks are all well trimmed and also perfectly cooked.,1,steak well trim also perfectli cook
We had a group of 70+ when we claimed we would only have 40 and they handled us beautifully.,1,group claim would handl us beauti
I LOVED it!,1,love
We asked for the bill to leave without eating and they didn't bring that either.,0,ask bill leav without eat bring either
"This place is a jewel in Las Vegas, and exactly what I've been hoping to find in nearly ten years living here.",1,place jewel la vega exactli hope find nearli ten year live
Seafood was limited to boiled shrimp and crab legs but the crab legs definitely did not taste fresh.,0,seafood limit boil shrimp crab leg crab leg definit not tast fresh
The selection of food was not the best.,0,select food not best
Delicious and I will absolutely be back!,1,delici absolut back
"This isn't a small family restaurant, this is a fine dining establishment.",1,small famili restaur fine dine establish
They had a toro tartare with a cavier that was extraordinary and I liked the thinly sliced wagyu with white truffle.,1,toro tartar cavier extraordinari like thinli slice wagyu white truffl
I dont think I will be back for a very long time.,0,dont think back long time
"It was attached to a gas station, and that is rarely a good sign.",0,attach ga station rare good sign
How awesome is that.,1,awesom
I will be back many times soon.,1,back mani time soon
The menu had so much good stuff on it i could not decide!,1,menu much good stuff could not decid
"Worse of all, he humiliated his worker right in front of me..Bunch of horrible name callings.",0,wors humili worker right front bunch horribl name call
CONCLUSION: Very filling meals.,1,conclus fill meal
Their daily specials are always a hit with my group.,1,daili special alway hit group
And then tragedy struck.,0,tragedi struck
The pancake was also really good and pretty large at that.,1,pancak also realli good pretti larg
"This was my first crawfish experience, and it was delicious!",1,first crawfish experi delici
Their monster chicken fried steak and eggs is my all time favorite.,1,monster chicken fri steak egg time favorit
Waitress was sweet and funny.,1,waitress sweet funni
"I also had to taste my Mom's multi-grain pumpkin pancakes with pecan butter and they were amazing, fluffy, and delicious!",1,also tast mom multi grain pumpkin pancak pecan butter amaz fluffi delici
"I'd rather eat airline food, seriously.",0,rather eat airlin food serious
Cant say enough good things about this place.,1,cant say enough good thing place
The ambiance was incredible.,1,ambianc incred
The waitress and manager are so friendly.,1,waitress manag friendli
I would not recommend this place.,0,would not recommend place
Overall I wasn't very impressed with Noca.,0,overal impress noca
My gyro was basically lettuce only.,0,gyro basic lettuc
Terrible service!,0,terribl servic
Thoroughly disappointed!,0,thoroughli disappoint
"I don't each much pasta, but I love the homemade /hand made pastas and thin pizzas here.",1,much pasta love homemad hand made pasta thin pizza
"Give it a try, you will be happy you did.",1,give tri happi
By far the BEST cheesecurds we have ever had!,1,far best cheesecurd ever
Reasonably priced also!,1,reason price also
Everything was perfect the night we were in.,1,everyth perfect night
The food is very good for your typical bar food.,1,food good typic bar food
it was a drive to get there.,0,drive get
"At first glance it is a lovely bakery cafe - nice ambiance, clean, friendly staff.",1,first glanc love bakeri cafe nice ambianc clean friendli staff
"Anyway, I do not think i will go back there.",0,anyway not think go back
"Point your finger at any item on the menu, order it and you won't be disappointed.",1,point finger item menu order disappoint
"Oh this is such a thing of beauty, this restaurant.",1,oh thing beauti restaur
If you haven't gone here GO NOW!,1,gone go
"A greasy, unhealthy meal.",0,greasi unhealthi meal
first time there and might just be the last.,0,first time might last
Those burgers were amazing.,1,burger amaz
"Similarly, the delivery man did not say a word of apology when our food was 45 minutes late.",0,similarli deliveri man not say word apolog food minut late
And it was way to expensive.,0,way expens
"Be sure to order dessert, even if you need to pack it to-go - the tiramisu and cannoli are both to die for.",1,sure order dessert even need pack go tiramisu cannoli die
This was my first time and I can't wait until the next.,1,first time wait next
The bartender was also nice.,1,bartend also nice
Everything was good and tasty!,1,everyth good tasti
This place is two thumbs up....way up.,1,place two thumb way
"The best place in Vegas for breakfast (just check out a Sat, or Sun.",1,best place vega breakfast check sat sun
"If you love authentic Mexican food and want a whole bunch of interesting, yet delicious meats to choose from, you need to try this place.",1,love authent mexican food want whole bunch interest yet delici meat choos need tri place
Terrible management.,0,terribl manag
An excellent new restaurant by an experienced Frenchman.,1,excel new restaur experienc frenchman
If there were zero stars I would give it zero stars.,0,zero star would give zero star
"Great steak, great sides, great wine, amazing desserts.",1,great steak great side great wine amaz dessert
Worst martini ever!,0,worst martini ever
The steak and the shrimp are in my opinion the best entrees at GC.,1,steak shrimp opinion best entre gc
I had the opportunity today to sample your amazing pizzas!,1,opportun today sampl amaz pizza
We waited for thirty minutes to be seated (although there were 8 vacant tables and we were the only folks waiting).,0,wait thirti minut seat although vacant tabl folk wait
The yellowtail carpaccio was melt in your mouth fresh.,1,yellowtail carpaccio melt mouth fresh
I won't try going back there even if it's empty.,0,tri go back even empti
"No, I'm going to eat the potato that I found some strangers hair in it.",0,go eat potato found stranger hair
Just spicy enough.. Perfect actually.,1,spici enough perfect actual
Last night was my second time dining here and I was so happy I decided to go back!,1,last night second time dine happi decid go back
"""not even a """"hello, we will be right with you.""""""",0,not even hello right
The desserts were a bit strange.,0,dessert bit strang
My boyfriend and I came here for the first time on a recent trip to Vegas and could not have been more pleased with the quality of food and service.,1,boyfriend came first time recent trip vega could not pleas qualiti food servic
"I really do recommend this place, you can go wrong with this donut place!",1,realli recommend place go wrong donut place
Nice ambiance.,1,nice ambianc
I would recommend saving room for this!,1,would recommend save room
I guess maybe we went on an off night but it was disgraceful.,0,guess mayb went night disgrac
"However, my recent experience at this particular location was not so good.",0,howev recent experi particular locat not good
"I know this is not like the other restaurants at all, something is very off here!",0,know not like restaur someth
AVOID THIS ESTABLISHMENT!,0,avoid establish
I think this restaurant suffers from not trying hard enough.,0,think restaur suffer not tri hard enough
All of the tapas dishes were delicious!,1,tapa dish delici
I *heart* this place.,1,heart place
My salad had a bland vinegrette on the baby greens and hearts of Palm.,0,salad bland vinegrett babi green heart palm
After two I felt disgusting.,0,two felt disgust
A good time!,1,good time
I believe that this place is a great stop for those with a huge belly and hankering for sushi.,1,believ place great stop huge belli hanker sushi
Generous portions and great taste.,1,gener portion great tast
I will never go back to this place and will never ever recommended this place to anyone!,0,never go back place never ever recommend place anyon
"""The servers went back and forth several times, not even so much as an """"Are you being helped?""""""",0,server went back forth sever time not even much help
Food was delicious!,1,food delici
AN HOUR... seriously?,0,hour serious
I consider this theft.,0,consid theft
Eew... This location needs a complete overhaul.,0,eew locat need complet overhaul
We recently witnessed her poor quality of management towards other guests as well.,0,recent wit poor qualiti manag toward guest well
Waited and waited and waited.,0,wait wait wait
"He also came back to check on us regularly, excellent service.",1,also came back check us regularli excel servic
Our server was super nice and checked on us many times.,1,server super nice check us mani time
"The pizza tasted old, super chewy in not a good way.",0,pizza tast old super chewi not good way
I swung in to give them a try but was deeply disappointed.,0,swung give tri deepli disappoint
Service was good and the company was better!,1,servic good compani better
The staff are also very friendly and efficient.,1,staff also friendli effici
"As for the service: I'm a fan, because it's quick and you're being served by some nice folks.",1,servic fan quick serv nice folk
Boy was that sucker dry!!.,0,boy sucker dri
Over rated.,0,rate
"If you look for authentic Thai food, go else where.",0,look authent thai food go els
Their steaks are 100% recommended!,1,steak recommend
After I pulled up my car I waited for another 15 minutes before being acknowledged.,0,pull car wait anoth minut acknowledg
Great food and great service in a clean and friendly setting.,1,great food great servic clean friendli set
"All in all, I can assure you I'll be back.",1,assur back
I hate those things as much as cheap quality black olives.,0,hate thing much cheap qualiti black oliv
"My breakfast was perpared great, with a beautiful presentation of 3 giant slices of Toast, lightly dusted with powdered sugar.",1,breakfast perpar great beauti present giant slice toast lightli dust powder sugar
The kids play area is NASTY!,0,kid play area nasti
Great place fo take out or eat in.,1,great place fo take eat
The waitress was friendly and happy to accomodate for vegan/veggie options.,1,waitress friendli happi accomod vegan veggi option
OMG I felt like I had never eaten Thai food until this dish.,1,omg felt like never eaten thai food dish
"""It was extremely """"crumby"""" and pretty tasteless.""",0,extrem crumbi pretti tasteless
It was a pale color instead of nice and char and has NO flavor.,0,pale color instead nice char flavor
The croutons also taste homemade which is an extra plus.,1,crouton also tast homemad extra plu
I got home to see the driest damn wings ever!,0,got home see driest damn wing ever
It'll be a regular stop on my trips to Phoenix!,1,regular stop trip phoenix
I really enjoyed Crema Caf√© before they expanded. I even told friends they had the BEST breakfast.,1,realli enjoy crema caf expand even told friend best breakfast
Not good for the money.,0,not good money
I miss it and wish they had one in Philadelphia!,1,miss wish one philadelphia
"We got sitting fairly fast, but, ended up waiting 40 minutes just to place our order, another 30 minutes before the food arrived.",0,got sit fairli fast end wait minut place order anoth minut food arriv
They also have the best cheese crisp in town.,1,also best chees crisp town
"Good value, great food, great service.",1,good valu great food great servic
Couldn't ask for a more satisfying meal.,1,ask satisfi meal
The food is good.,1,food good
It was awesome.,1,awesom
I just wanted to leave.,0,want leav
We made the drive all the way from North Scottsdale... and I was not one bit disappointed!,1,made drive way north scottsdal not one bit disappoint
I will not be eating there again.,0,not eat
!....THE OWNERS REALLY REALLY need to quit being soooooo cheap let them wrap my freaking sandwich in two papers not one!,0,owner realli realli need quit soooooo cheap let wrap freak sandwich two paper not one
I checked out this place a couple years ago and was not impressed.,0,check place coupl year ago not impress
"The chicken I got was definitely reheated and was only ok, the wedges were cold and soggy.",0,chicken got definit reheat ok wedg cold soggi
"Sorry, I will not be getting food from here anytime soon :(",0,sorri not get food anytim soon
An absolute must visit!,1,absolut must visit
The cow tongue and cheek tacos are amazing.,1,cow tongu cheek taco amaz
My friend did not like his Bloody Mary.,0,friend not like bloodi mari
"Despite how hard I rate businesses, its actually rare for me to give a 1 star.",0,despit hard rate busi actual rare give star
They really want to make your experience a good one.,1,realli want make experi good one
I will not return.,0,not return
I had the chicken Pho and it tasted very bland.,0,chicken pho tast bland
Very disappointing!!!,0,disappoint
The grilled chicken was so tender and yellow from the saffron seasoning.,1,grill chicken tender yellow saffron season
"a drive thru means you do not want to wait around for half an hour for your food, but somehow when we end up going here they make us wait and wait.",0,drive thru mean not want wait around half hour food somehow end go make us wait wait
Pretty awesome place.,1,pretti awesom place
Ambience is perfect.,1,ambienc perfect
Best of luck to the rude and non-customer service focused new management.,0,best luck rude non custom servic focus new manag
Any grandmother can make a roasted chicken better than this one.,0,grandmoth make roast chicken better one
I asked multiple times for the wine list and after some time of being ignored I went to the hostess and got one myself.,0,ask multipl time wine list time ignor went hostess got one
"The staff is always super friendly and helpful, which is especially cool when you bring two small boys and a baby!",1,staff alway super friendli help especi cool bring two small boy babi
Four stars for the food & the guy in the blue shirt for his great vibe & still letting us in to eat !,1,four star food guy blue shirt great vibe still let us eat
The roast beef sandwich tasted really good!,1,roast beef sandwich tast realli good
"Same evening, him and I are both drastically sick.",0,even drastic sick
High-quality chicken on the chicken Caesar salad.,1,high qualiti chicken chicken caesar salad
Ordered burger rare came in we'll done.,0,order burger rare came done
We were promptly greeted and seated.,1,promptli greet seat
Tried to go here for lunch and it was a madhouse.,0,tri go lunch madhous
"I was proven dead wrong by this sushi bar, not only because the quality is great, but the service is fast and the food, impeccable.",1,proven dead wrong sushi bar not qualiti great servic fast food impecc
"After waiting an hour and being seated, I was not in the greatest of moods.",0,wait hour seat not greatest mood
This is a good joint.,1,good joint
The Macarons here are insanely good.,1,macaron insan good
I'm not eating here!,0,not eat
"Our waiter was very attentive, friendly, and informative.",1,waiter attent friendli inform
Maybe if they weren't cold they would have been somewhat edible.,0,mayb cold would somewhat edibl
This place has a lot of promise but fails to deliver.,0,place lot promis fail deliv
Very bad Experience!,0,bad experi
What a mistake.,0,mistak
Food was average at best.,0,food averag best
Great food.,1,great food
We won't be going back anytime soon!,0,go back anytim soon
Very Very Disappointed ordered the $35 Big Bay Plater.,0,disappoint order big bay plater
Great place to relax and have an awesome burger and beer.,1,great place relax awesom burger beer
It is PERFECT for a sit-down family meal or get together with a few friends.,1,perfect sit famili meal get togeth friend
"Not much flavor to them, and very poorly constructed.",0,not much flavor poorli construct
The patio seating was very comfortable.,1,patio seat comfort
The fried rice was dry as well.,0,fri rice dri well
Hands down my favorite Italian restaurant!,1,hand favorit italian restaur
"""That just SCREAMS """"LEGIT"""" in my book...somethat's also pretty rare here in Vegas.""",1,scream legit book somethat also pretti rare vega
It was just not a fun experience.,1,not fun experi
The atmosphere was great with a lovely duo of violinists playing songs we requested.,1,atmospher great love duo violinist play song request
"I personally love the hummus, pita, baklava, falafels and Baba Ganoush (it's amazing what they do with eggplant!).",1,person love hummu pita baklava falafel baba ganoush amaz eggplant
"Very convenient, since we were staying at the MGM!",1,conveni sinc stay mgm
The owners are super friendly and the staff is courteous.,1,owner super friendli staff courteou
Both great!,1,great
Eclectic selection.,1,eclect select
The sweet potato tots were good but the onion rings were perfection or as close as I have had.,1,sweet potato tot good onion ring perfect close
The staff was very attentive.,1,staff attent
And the chef was generous with his time (even came around twice so we can take pictures with him).,1,chef gener time even came around twice take pictur
"The owner used to work at Nobu, so this place is really similar for half the price.",1,owner use work nobu place realli similar half price
Google mediocre and I imagine Smashburger will pop up.,0,googl mediocr imagin smashburg pop
dont go here.,0,dont go
I promise they won't disappoint.,1,promis disappoint
As a sushi lover avoid this place by all means.,0,sushi lover avoid place mean
What a great double cheeseburger!,1,great doubl cheeseburg
Awesome service and food.,1,awesom servic food
A fantastic neighborhood gem !!!,1,fantast neighborhood gem
I can't wait to go back.,1,wait go back
The plantains were the worst I've ever tasted.,0,plantain worst ever tast
It's a great place and I highly recommend it.,1,great place highli recommend
Service was slow and not attentive.,0,servic slow not attent
"I gave it 5 stars then, and I'm giving it 5 stars now.",1,gave star give star
Your staff spends more time talking to themselves than me.,0,staff spend time talk
Dessert: Panna Cotta was amazing.,1,dessert panna cotta amaz
"Very good food, great atmosphere.1",1,good food great atmospher
Damn good steak.,1,damn good steak
Total brunch fail.,0,total brunch fail
"Prices are very reasonable, flavors are spot on, the sauce is home made, and the slaw is not drenched in mayo.",1,price reason flavor spot sauc home made slaw not drench mayo
"The decor is nice, and the piano music soundtrack is pleasant.",1,decor nice piano music soundtrack pleasant
The steak was amazing...rge fillet relleno was the best seafood plate i have ever had!,1,steak amaz rge fillet relleno best seafood plate ever
"Good food , good service .",1,good food good servic
It was absolutely amazing.,1,absolut amaz
"I probably won't be back, to be honest.",0,probabl back honest
will definitely be back!,1,definit back
The sergeant pepper beef sandwich with auju sauce is an excellent sandwich as well.,1,sergeant pepper beef sandwich auju sauc excel sandwich well
"Hawaiian Breeze, Mango Magic, and Pineapple Delight are the smoothies that I've tried so far and they're all good.",1,hawaiian breez mango magic pineappl delight smoothi tri far good
Went for lunch - service was slow.,0,went lunch servic slow
"We had so much to say about the place before we walked in that he expected it to be amazing, but was quickly disappointed.",0,much say place walk expect amaz quickli disappoint
I was mortified.,0,mortifi
"Needless to say, we will never be back here again.",0,needless say never back
"Anyways, The food was definitely not filling at all, and for the price you pay you should expect more.",0,anyway food definit not fill price pay expect
"The chips that came out were dripping with grease, and mostly not edible.",0,chip came drip greas mostli not edibl
I wasn't really impressed with Strip Steak.,0,realli impress strip steak
Have been going since 2007 and every meal has been awesome!!,1,go sinc everi meal awesom
Our server was very nice and attentive as were the other serving staff.,1,server nice attent serv staff
The cashier was friendly and even brought the food out to me.,1,cashier friendli even brought food
I work in the hospitality industry in Paradise Valley and have refrained from recommending Cibo any longer.,0,work hospit industri paradis valley refrain recommend cibo longer
The atmosphere here is fun.,1,atmospher fun
Would not recommend to others.,0,would not recommend other
"""Service is quick and even """"to go"""" orders are just like we like it!""",1,servic quick even go order like like
"I mean really, how do you get so famous for your fish and chips when it's so terrible!?!",0,mean realli get famou fish chip terribl
"That said, our mouths and bellies were still quite pleased.",1,said mouth belli still quit pleas
Not my thing.,0,not thing
2 Thumbs Up!!,1,thumb
If you are reading this please don't go there.,0,read pleas go
"I loved the grilled pizza, reminded me of legit Italian pizza.",1,love grill pizza remind legit italian pizza
Only Pros : Large seating area/ Nice bar area/ Great simple drink menu/ The BEST brick oven pizza with homemade dough!,1,pro larg seat area nice bar area great simpl drink menu best brick oven pizza homemad dough
They have a really nice atmosphere.,1,realli nice atmospher
Tonight I had the Elk Filet special...and it sucked.,0,tonight elk filet special suck
"After one bite, I was hooked.",1,one bite hook
We ordered some old classics and some new dishes after going there a few times and were sorely disappointed with everything.,0,order old classic new dish go time sore disappoint everyth
"Cute, quaint, simple, honest.",1,cute quaint simpl honest
The chicken was deliciously seasoned and had the perfect fry on the outside and moist chicken on the inside.,1,chicken delici season perfect fri outsid moist chicken insid
"The food was great as always, compliments to the chef.",1,food great alway compliment chef
Special thanks to Dylan T. for the recommendation on what to order :) All yummy for my tummy.,1,special thank dylan recommend order yummi tummi
Awesome selection of beer.,1,awesom select beer
Great food and awesome service!,1,great food awesom servic
"One nice thing was that they added gratuity on the bill since our party was larger than 6 or 8, and they didn't expect more tip than that.",1,one nice thing ad gratuiti bill sinc parti larger expect tip
A FLY was in my apple juice.. A FLY!!!!!!!!,0,fli appl juic fli
The Han Nan Chicken was also very tasty.,1,han nan chicken also tasti
"As for the service, I thought it was good.",1,servic thought good
"The food was barely lukewarm, so it must have been sitting waiting for the server to bring it out to us.",0,food bare lukewarm must sit wait server bring us
Ryan's Bar is definitely one Edinburgh establishment I won't be revisiting.,0,ryan bar definit one edinburgh establish revisit
Nicest Chinese restaurant I've been in a while.,1,nicest chines restaur
"Overall, I like there food and the service.",1,overal like food servic
They also now serve Indian naan bread with hummus and some spicy pine nut sauce that was out of this world.,1,also serv indian naan bread hummu spici pine nut sauc world
"Probably never coming back, and wouldn't recommend it.",0,probabl never come back recommend
"Friend's pasta -- also bad, he barely touched it.",0,friend pasta also bad bare touch
"Try them in the airport to experience some tasty food and speedy, friendly service.",1,tri airport experi tasti food speedi friendli servic
I love the decor with the Chinese calligraphy wall paper.,1,love decor chines calligraphi wall paper
Never had anything to complain about here.,1,never anyth complain
The restaurant is very clean and has a family restaurant feel to it.,1,restaur clean famili restaur feel
It was way over fried.,0,way fri
I'm not sure how long we stood there but it was long enough for me to begin to feel awkwardly out of place.,0,not sure long stood long enough begin feel awkwardli place
"When I opened the sandwich, I was impressed, but not in a good way.",0,open sandwich impress not good way
Will not be back!,0,not back
There was a warm feeling with the service and I felt like their guest for a special treat.,1,warm feel servic felt like guest special treat
An extensive menu provides lots of options for breakfast.,1,extens menu provid lot option breakfast
"I always order from the vegetarian menu during dinner, which has a wide array of options to choose from.",1,alway order vegetarian menu dinner wide array option choos
"I have watched their prices inflate, portions get smaller and management attitudes grow rapidly!",0,watch price inflat portion get smaller manag attitud grow rapidli
Wonderful lil tapas and the ambience made me feel all warm and fuzzy inside.,1,wonder lil tapa ambienc made feel warm fuzzi insid
"I got to enjoy the seafood salad, with a fabulous vinegrette.",1,got enjoy seafood salad fabul vinegrett
"The wontons were thin, not thick and chewy, almost melt in your mouth.",1,wonton thin not thick chewi almost melt mouth
"Level 5 spicy was perfect, where spice didn't over-whelm the soup.",1,level spici perfect spice whelm soup
We were sat right on time and our server from the get go was FANTASTIC!,1,sat right time server get go fantast
"Main thing I didn't enjoy is that the crowd is of older crowd, around mid 30s and up.",0,main thing enjoy crowd older crowd around mid
"When I'm on this side of town, this will definitely be a spot I'll hit up again!",1,side town definit spot hit
I had to wait over 30 minutes to get my drink and longer to get 2 arepas.,0,wait minut get drink longer get arepa
This is a GREAT place to eat!,1,great place eat
The jalapeno bacon is soooo good.,1,jalapeno bacon soooo good
The service was poor and thats being nice.,0,servic poor that nice
"Food was good, service was good, Prices were good.",1,food good servic good price good
The place was not clean and the food oh so stale!,0,place not clean food oh stale
"The chicken dishes are OK, the beef is like shoe leather.",0,chicken dish ok beef like shoe leather
But the service was beyond bad.,0,servic beyond bad
"""I'm so happy to be here!!!""""""",1,happi
Tasted like dirt.,0,tast like dirt
One of the few places in Phoenix that I would definately go back to again .,1,one place phoenix would defin go back
The block was amazing.,1,block amaz
"It's close to my house, it's low-key, non-fancy, affordable prices, good food.",1,close hous low key non fanci afford price good food
* Both the Hot & Sour & the Egg Flower Soups were absolutely 5 Stars!,1,hot sour egg flower soup absolut star
My sashimi was poor quality being soggy and tasteless.,0,sashimi poor qualiti soggi tasteless
Great time - family dinner on a Sunday night.,1,great time famili dinner sunday night
"""the food is not tasty at all, not to say its """"real traditional Hunan style"""".""",0,food not tasti not say real tradit hunan style
"What did bother me, was the slow service.",0,bother slow servic
The flair bartenders are absolutely amazing!,1,flair bartend absolut amaz
Their frozen margaritas are WAY too sugary for my taste.,0,frozen margarita way sugari tast
These were so good we ordered them twice.,1,good order twice
So in a nutshell: 1) The restaraunt smells like a combination of a dirty fish market and a sewer.,0,nutshel restaraunt smell like combin dirti fish market sewer
My girlfriend's veal was very bad.,0,girlfriend veal bad
"Unfortunately, it was not good.",0,unfortun not good
I had a pretty satifying experience.,1,pretti satifi experi
Join the club and get awesome offers via email.,1,join club get awesom offer via email
"Perfect for someone (me) who only likes beer ice cold, or in this case, even colder.",1,perfect someon like beer ice cold case even colder
Bland and flavorless is a good way of describing the barely tepid meat.,0,bland flavorless good way describ bare tepid meat
"The chains, which I'm no fan of, beat this place easily.",0,chain fan beat place easili
The nachos are a MUST HAVE!,1,nacho must
We will not be coming back.,0,not come back
"I don't have very many words to say about this place, but it does everything pretty well.",1,mani word say place everyth pretti well
"The staff is super nice and very quick even with the crazy crowds of the downtown juries, lawyers, and court staff.",1,staff super nice quick even crazi crowd downtown juri lawyer court staff
"Great atmosphere, friendly and fast service.",1,great atmospher friendli fast servic
When I received my Pita it was huge it did have a lot of meat in it so thumbs up there.,1,receiv pita huge lot meat thumb
Once your food arrives it's meh.,0,food arriv meh
Paying $7.85 for a hot dog and fries that looks like it came out of a kid's meal at the Wienerschnitzel is not my idea of a good meal.,0,pay hot dog fri look like came kid meal wienerschnitzel not idea good meal
The classic Maine Lobster Roll was fantastic.,1,classic main lobster roll fantast
"My brother in law who works at the mall ate here same day, and guess what he was sick all night too.",0,brother law work mall ate day guess sick night
So good I am going to have to review this place twice - once hereas a tribute to the place and once as a tribute to an event held here last night.,1,good go review place twice herea tribut place tribut event held last night
"The chips and salsa were really good, the salsa was very fresh.",1,chip salsa realli good salsa fresh
This place is great!!!!!!!!!!!!!!,1,place great
Mediocre food.,0,mediocr food
Once you get inside you'll be impressed with the place.,1,get insid impress place
I'm super pissd.,0,super pissd
And service was super friendly.,1,servic super friendli
Why are these sad little vegetables so overcooked?,0,sad littl veget overcook
This place was such a nice surprise!,1,place nice surpris
They were golden-crispy and delicious.,1,golden crispi delici
"I had high hopes for this place since the burgers are cooked over a charcoal grill, but unfortunately the taste fell flat, way flat.",0,high hope place sinc burger cook charcoal grill unfortun tast fell flat way flat
I could eat their bruschetta all day it is devine.,1,could eat bruschetta day devin
Not a single employee came out to see if we were OK or even needed a water refill once they finally served us our food.,0,not singl employe came see ok even need water refil final serv us food
"Lastly, the mozzarella sticks, they were the best thing we ordered.",1,lastli mozzarella stick best thing order
"The first time I ever came here I had an amazing experience, I still tell people how awesome the duck was.",1,first time ever came amaz experi still tell peopl awesom duck
The server was very negligent of our needs and made us feel very unwelcome... I would not suggest this place!,0,server neglig need made us feel unwelcom would not suggest place
The service was terrible though.,0,servic terribl though
"This place is overpriced, not consistent with their boba, and it really is OVERPRICED!",0,place overpr not consist boba realli overpr
It was packed!!,0,pack
I love this place.,1,love place
I can say that the desserts were yummy.,1,say dessert yummi
The food was terrible.,0,food terribl
The seasonal fruit was fresh white peach puree.,1,season fruit fresh white peach pure
It kept getting worse and worse so now I'm officially done.,0,kept get wors wors offici done
This place should honestly be blown up.,0,place honestli blown
But I definitely would not eat here again.,0,definit would not eat
Do not waste your money here!,0,not wast money
I love that they put their food in nice plastic containers as opposed to cramming it in little paper takeout boxes.,1,love put food nice plastic contain oppos cram littl paper takeout box
The cr√™pe was delicate and thin and moist.,1,cr pe delic thin moist
Awful service.,0,aw servic
Won't ever go here again.,0,ever go
Food quality has been horrible.,0,food qualiti horribl
For that price I can think of a few place I would have much rather gone.,0,price think place would much rather gone
The service here is fair at best.,0,servic fair best
"I do love sushi, but I found Kabuki to be over-priced, over-hip and under-services.",0,love sushi found kabuki price hip servic
Do yourself a favor and stay away from this dish.,0,favor stay away dish
Very poor service.,0,poor servic
No one at the table thought the food was above average or worth the wait that we had for it.,0,one tabl thought food averag worth wait
"Best service and food ever, Maria our server was so good and friendly she made our day.",1,best servic food ever maria server good friendli made day
They were excellent.,1,excel
I paid the bill but did not tip because I felt the server did a terrible job.,0,paid bill not tip felt server terribl job
Just had lunch here and had a great experience.,1,lunch great experi
I have never had such bland food which surprised me considering the article we read focused so much on their spices and flavor.,0,never bland food surpris consid articl read focus much spice flavor
Food is way overpriced and portions are fucking small.,0,food way overpr portion fuck small
I recently tried Caballero's and I have been back every week since!,1,recent tri caballero back everi week sinc
"for 40 bucks a head, i really expect better food.",0,buck head realli expect better food
The food came out at a good pace.,1,food came good pace
"I ate there twice on my last visit, and especially enjoyed the salmon salad.",1,ate twice last visit especi enjoy salmon salad
I won't be back.,0,back
We could not believe how dirty the oysters were!,0,could not believ dirti oyster
This place deserves no stars.,0,place deserv star
I would not recommend this place.,0,would not recommend place
"In fact I'm going to round up to 4 stars, just because she was so awesome.",1,fact go round star awesom
"To my disbelief, each dish qualified as the worst version of these foods I have ever tasted.",0,disbelief dish qualifi worst version food ever tast
"Bad day or not, I have a very low tolerance for rude customer service people, it is your job to be nice and polite, wash dishes otherwise!!",0,bad day not low toler rude custom servic peopl job nice polit wash dish otherwis
the potatoes were great and so was the biscuit.,1,potato great biscuit
I probably would not go here again.,0,probabl would not go
So flavorful and has just the perfect amount of heat.,1,flavor perfect amount heat
The price is reasonable and the service is great.,1,price reason servic great
"The Wife hated her meal (coconut shrimp), and our friends really did not enjoy their meals, either.",0,wife hate meal coconut shrimp friend realli not enjoy meal either
My fella got the huevos rancheros and they didn't look too appealing.,0,fella got huevo ranchero look appeal
"Went in for happy hour, great list of wines.",1,went happi hour great list wine
Some may say this buffet is pricey but I think you get what you pay for and this place you are getting quite a lot!,1,may say buffet pricey think get pay place get quit lot
I probably won't be coming back here.,0,probabl come back
Worst food/service I've had in a while.,0,worst food servic
"This place is pretty good, nice little vibe in the restaurant.",1,place pretti good nice littl vibe restaur
Talk about great customer service of course we will be back.,1,talk great custom servic cours back
"Hot dishes are not hot, cold dishes are close to room temp.I watched staff prepare food with BARE HANDS, no gloves.Everything is deep fried in oil.",0,hot dish not hot cold dish close room temp watch staff prepar food bare hand glove everyth deep fri oil
I love their fries and their beans.,1,love fri bean
Always a pleasure dealing with him.,1,alway pleasur deal
"They have a plethora of salads and sandwiches, and everything I've tried gets my seal of approval.",1,plethora salad sandwich everyth tri get seal approv
This place is awesome if you want something light and healthy during the summer.,1,place awesom want someth light healthi summer
"For sushi on the Strip, this is the place to go.",1,sushi strip place go
"The service was great, even the manager came and helped with our table.",1,servic great even manag came help tabl
The feel of the dining room was more college cooking course than high class dining and the service was slow at best.,0,feel dine room colleg cook cours high class dine servic slow best
"I started this review with two stars, but I'm editing it to give it only one.",0,start review two star edit give one
this is the worst sushi i have ever eat besides Costco's.,0,worst sushi ever eat besid costco
"All in all an excellent restaurant highlighted by great service, a unique menu, and a beautiful setting.",1,excel restaur highlight great servic uniqu menu beauti set
My boyfriend and i sat at the bar and had a completely delightful experience.,1,boyfriend sat bar complet delight experi
Weird vibe from owners.,0,weird vibe owner
There was hardly any meat.,0,hardli meat
I've had better bagels from the grocery store.,0,better bagel groceri store
Go To Place for Gyros.,1,go place gyro
"I love the owner/chef, his one authentic Japanese cool dude!",1,love owner chef one authent japanes cool dude
"Now the burgers aren't as good, the pizza which used to be amazing is doughy and flavorless.",0,burger good pizza use amaz doughi flavorless
I found a six inch long piece of wire in my salsa.,0,found six inch long piec wire salsa
"The service was terrible, food was mediocre.",0,servic terribl food mediocr
We definately enjoyed ourselves.,1,defin enjoy
I ordered Albondigas soup - which was just warm - and tasted like tomato soup with frozen meatballs.,0,order albondiga soup warm tast like tomato soup frozen meatbal
"On three different occasions I asked for well done or medium well, and all three times I got the bloodiest piece of meat on my plate.",0,three differ occas ask well done medium well three time got bloodiest piec meat plate
I had about two bites and refused to eat anymore.,0,two bite refus eat anymor
The service was extremely slow.,0,servic extrem slow
"After 20 minutes wait, I got a table.",0,minut wait got tabl
Seriously killer hot chai latte.,1,serious killer hot chai latt
"No allergy warnings on the menu, and the waitress had absolutely no clue as to which meals did or did not contain peanuts.",0,allergi warn menu waitress absolut clue meal not contain peanut
My boyfriend tried the Mediterranean Chicken Salad and fell in love.,1,boyfriend tri mediterranean chicken salad fell love
Their rotating beers on tap is also a highlight of this place.,1,rotat beer tap also highlight place
Pricing is a bit of a concern at Mellow Mushroom.,0,price bit concern mellow mushroom
Worst Thai ever.,0,worst thai ever
If you stay in Vegas you must get breakfast here at least once.,1,stay vega must get breakfast least
I want to first say our server was great and we had perfect service.,1,want first say server great perfect servic
The pizza selections are good.,1,pizza select good
"I had strawberry tea, which was good.",1,strawberri tea good
Highly unprofessional and rude to a loyal patron!,0,highli unprofession rude loyal patron
"Overall, a great experience.",1,overal great experi
